dataset,model,method,modules,rank,time,gpu,loss,f1,accuracy,pst_dataset
EN,qwen2.5,baseline,,,6.90937711,3.088264465,272,0.593866383,0.603421053,8000
EN,qwen2.5,LoRA,q+v,4,16.33392154,5.65179348,5.121094,0.914616335,0.914736842,8000
EN,qwen2.5,LoRA,q+v,8,16.31459203,5.655287743,0.316894531,0.930125559,0.930131579,8000
EN,qwen2.5,LoRA,q+v,16,16.32884155,5.661055565,0.273925781,0.934787903,0.934868421,8000
EN,qwen2.5,LoRA,q+v,32,16.84906702,5.679749012,0.260742188,0.93232744,0.932368421,8000
EN,qwen2.5,LoRA,q+k+v,4,17.52753687,5.857680321,3.84375,0.917415934,0.917368421,8000
EN,qwen2.5,LoRA,q+k+v,8,17.50657099,5.861739159,1.674804688,0.919800328,0.919868421,8000
EN,qwen2.5,LoRA,q+k+v,16,17.46138763,5.872158527,1.259765625,0.918059761,0.918157895,8000
EN,qwen2.5,LoRA,q+k+v,32,18.16585434,5.910610676,0.912109375,0.9258871,0.925921053,8000
EN,qwen2.5,LoRA,q+k+v+o,4,19.00888472,6.070815086,3.546875,0.921653463,0.921710526,8000
EN,qwen2.5,LoRA,q+k+v+o,8,19.05381366,6.076582909,1.916992188,0.921517141,0.921447368,8000
EN,qwen2.5,LoRA,q+k+v+o,16,19.0482933,6.103142262,1.2734375,0.927999169,0.927894737,8000
EN,qwen2.5,LoRA,q+k+v+o,32,20.03862694,6.158684254,0.935546875,0.927976345,0.928026316,8000
EN,qwen2.5,QLoRA nf4,q+v,4,27.66788771,3.677969456,0.342285693,0.926838796,0.926842105,8000
EN,qwen2.5,QLoRA nf4,q+v,8,27.68662767,3.688398838,0.34291175,0.930867779,0.930921053,8000
EN,qwen2.5,QLoRA nf4,q+v,16,27.57356259,3.686752319,0.313648403,0.933789029,0.933815789,8000
EN,qwen2.5,QLoRA nf4,q+v,32,27.66202835,3.725112915,0.321003377,0.935055171,0.935131579,8000
EN,qwen2.5,QLoRA nf4,q+k+v,4,28.5643441,3.816755772,0.344268143,0.929155432,0.929210526,8000
EN,qwen2.5,QLoRA nf4,q+k+v,8,28.51597766,3.819975376,0.336948723,0.931636693,0.931710526,8000
EN,qwen2.5,QLoRA nf4,q+k+v,16,28.47955476,3.830364227,0.327515572,0.934679808,0.934736842,8000
EN,qwen2.5,QLoRA nf4,q+k+v,32,28.45635043,3.879009247,0.309691578,0.936024363,0.936052632,8000
EN,qwen2.5,QLoRA nf4,q+k+v+o,4,29.68892788,3.943464756,0.326067895,0.93337098,0.933421053,8000
EN,qwen2.5,QLoRA nf4,q+k+v+o,8,29.5644731,3.951933384,0.314977467,0.936452968,0.936447368,8000
EN,qwen2.5,QLoRA nf4,q+k+v+o,16,29.48059884,3.977912903,0.294539243,0.939453749,0.939473684,8000
EN,qwen2.5,QLoRA nf4,q+k+v+o,32,29.21789185,4.043525696,0.293240905,0.942326461,0.942368421,8000
EN,qwen2.5,QLoRA fp4,q+v,4,27.99072365,3.687124729,0.349285543,0.926802994,0.926842105,8000
EN,qwen2.5,QLoRA fp4,q+v,8,27.96176518,3.690718174,0.333660662,0.929687523,0.929736842,8000
EN,qwen2.5,QLoRA fp4,q+v,16,27.94812582,3.695419312,0.322791517,0.933814945,0.933815789,8000
EN,qwen2.5,QLoRA fp4,q+v,32,27.92655474,3.736343384,0.319268078,0.934950551,0.935,8000
EN,qwen2.5,QLoRA fp4,q+k+v,4,28.80902237,3.814497471,0.351780236,0.92871189,0.928815789,8000
EN,qwen2.5,QLoRA fp4,q+k+v,8,28.94847265,3.821623325,0.333614796,0.931600415,0.931710526,8000
EN,qwen2.5,QLoRA fp4,q+k+v,16,28.70715126,3.836650848,0.323495299,0.934961903,0.935,8000
EN,qwen2.5,QLoRA fp4,q+k+v,32,28.67155137,3.882915497,0.308827996,0.935602966,0.935657895,8000
EN,qwen2.5,QLoRA fp4,q+k+v+o,4,30.36523193,3.940901279,0.334076792,0.932260074,0.932368421,8000
EN,qwen2.5,QLoRA fp4,q+k+v+o,8,30.18485805,3.951332092,0.315536588,0.934018255,0.934078947,8000
EN,qwen2.5,QLoRA fp4,q+k+v+o,16,29.66021907,3.982124329,0.302602917,0.938412051,0.938421053,8000
EN,qwen2.5,QLoRA fp4,q+k+v+o,32,29.57961712,4.042488098,0.293682843,0.942216802,0.942236842,8000
EN,qwen2.5,baseline,,,3.389787984,3.034234524,0.514648438,0.835031419,0.835394737,3000
EN,qwen2.5,LoRA,q+v,4,7.065307117,5.656000977,0.38671875,0.905657895,0.905446675,3000
EN,qwen2.5,LoRA,q+v,8,7.041176498,5.665842896,6.05,0.902894737,0.902571141,3000
EN,qwen2.5,LoRA,q+v,16,7.061869534,5.671610718,4.85546875,0.904605263,0.904813298,3000
EN,qwen2.5,LoRA,q+v,32,7.301355684,5.684811001,3.95703125,0.908421053,0.908324726,3000
EN,qwen2.5,LoRA,q+k+v,4,7.529564512,5.864329224,0.339355469,0.911315789,0.911057744,3000
EN,qwen2.5,LoRA,q+k+v,8,7.531154672,5.868388062,0.313232422,0.919868421,0.919592814,3000
EN,qwen2.5,LoRA,q+k+v,16,7.546278584,5.877220516,0.331542969,0.916447368,0.916230177,3000
EN,qwen2.5,LoRA,q+k+v,32,7.857828669,5.915672665,0.296386719,0.919078947,0.918833103,3000
EN,qwen2.5,LoRA,q+k+v+o,4,8.159071147,6.077952271,2.671875,0.900263158,0.900083717,3000
EN,qwen2.5,LoRA,q+k+v+o,8,8.155040622,6.083720093,0.296630859,0.926052632,0.925833598,3000
EN,qwen2.5,LoRA,q+k+v+o,16,8.169261022,6.108692532,0.280517578,0.926315789,0.926178747,3000
EN,qwen2.5,LoRA,q+k+v+o,32,8.628382417,6.164234524,0.262695313,0.928289474,0.928128254,3000
EN,qwen2.5,QLoRA nf4,q+v,4,14.69226113,3.672647476,0.390876919,0.910964697,0.911184211,3000
EN,qwen2.5,QLoRA nf4,q+v,8,14.67429702,3.67753458,0.381192952,0.91538228,0.915657895,3000
EN,qwen2.5,QLoRA nf4,q+v,16,14.67357169,3.693466187,0.376103967,0.918150279,0.918421053,3000
EN,qwen2.5,QLoRA nf4,q+v,32,14.67003245,3.727615356,0.364719987,0.922287409,0.9225,3000
EN,qwen2.5,QLoRA nf4,q+k+v,4,15.09739727,3.803450108,0.38283962,0.911543505,0.911842105,3000
EN,qwen2.5,QLoRA nf4,q+k+v,8,15.0336175,3.816173553,0.363703489,0.921408161,0.921578947,3000
EN,qwen2.5,QLoRA nf4,q+k+v,16,15.04263376,3.83536911,0.366378874,0.924555297,0.924736842,3000
EN,qwen2.5,QLoRA nf4,q+k+v,32,15.03571833,3.875835419,0.361083269,0.925776437,0.925921053,3000
EN,qwen2.5,QLoRA nf4,q+k+v+o,4,15.52355606,3.934013367,0.368167222,0.918711683,0.918947368,3000
EN,qwen2.5,QLoRA nf4,q+k+v+o,8,15.31896338,3.950965881,0.385588318,0.921719062,0.921973684,3000
EN,qwen2.5,QLoRA nf4,q+k+v+o,16,15.30415048,3.978096008,0.367731422,0.924102633,0.924342105,3000
EN,qwen2.5,QLoRA nf4,q+k+v+o,32,15.29144562,4.039253235,0.368278414,0.928485745,0.928684211,3000
EN,qwen2.5,QLoRA fp4,q+v,4,14.81162984,3.675100803,0.413129181,0.904930879,0.905263158,3000
EN,qwen2.5,QLoRA fp4,q+v,8,14.76951155,3.683776855,0.371751577,0.917366005,0.917631579,3000
EN,qwen2.5,QLoRA fp4,q+v,16,14.79720731,3.699996948,0.370620638,0.917994841,0.918289474,3000
EN,qwen2.5,QLoRA fp4,q+v,32,14.77896494,3.728347778,0.359593242,0.918667711,0.918947368,3000
EN,qwen2.5,QLoRA fp4,q+k+v,4,15.12824501,3.808742523,0.390222758,0.913626222,0.913947368,3000
EN,qwen2.5,QLoRA fp4,q+k+v,8,15.14247207,3.814220428,0.379079103,0.917099223,0.917368421,3000
EN,qwen2.5,QLoRA fp4,q+k+v,16,15.15991141,3.839092255,0.359258026,0.92068399,0.920921053,3000
EN,qwen2.5,QLoRA fp4,q+k+v,32,15.09100785,3.877605438,0.357638568,0.92356532,0.923815789,3000
EN,qwen2.5,QLoRA fp4,q+k+v+o,4,15.58549799,3.941520691,0.382907808,0.918042113,0.918289474,3000
EN,qwen2.5,QLoRA fp4,q+k+v+o,8,15.74927418,3.949806213,0.382107794,0.920692709,0.920921053,3000
EN,qwen2.5,QLoRA fp4,q+k+v+o,16,15.67699125,3.986885071,0.369723737,0.924933055,0.925131579,3000
EN,qwen2.5,QLoRA fp4,q+k+v+o,32,15.6521969,4.040901184,0.364499837,0.926091283,0.926315789,3000
EN,qwen2.5,baseline,,,3.636197639,3.088,263,0.489779182,0.507368421,1500
EN,qwen2.5,LoRA,q+v,4,5.68,5.657958508,35.15625,0.873293275,0.873552632,1500
EN,qwen2.5,LoRA,q+v,8,5.7,5.660842419,0.475830078,0.879028977,0.879342105,1500
EN,qwen2.5,LoRA,q+v,16,5.72,5.666610241,21.484375,0.884085906,0.884210526,1500
EN,qwen2.5,LoRA,q+v,32,5.87,5.679810524,0.497070313,0.905105299,0.905526316,1500
EN,qwen2.5,LoRA,q+k+v,4,6.03,5.859328747,0.391357422,0.882871151,0.883157895,1500
EN,qwen2.5,LoRA,q+k+v,8,6.03,5.863387585,0.364990234,0.892078351,0.8925,1500
EN,qwen2.5,LoRA,q+k+v,16,6.07,5.872220039,0.382568359,0.902528191,0.902763158,1500
EN,qwen2.5,LoRA,q+k+v,32,6.27,5.910672188,0.384277344,0.914482044,0.914736842,1500
EN,qwen2.5,LoRA,q+k+v+o,4,6.48,6.072951794,34.0625,0.890389856,0.890657895,1500
EN,qwen2.5,LoRA,q+k+v+o,8,6.48,6.078719616,26.4375,0.890512312,0.890394737,1500
EN,qwen2.5,LoRA,q+k+v+o,16,6.5,6.103692055,15.5703125,0.892136397,0.8925,1500
EN,qwen2.5,LoRA,q+k+v+o,32,6.85,6.159234047,6.44140625,0.895656642,0.896052632,1500
EN,qwen2.5,QLoRA nf4,q+v,4,9.895517417,3.672830582,0.44917205,0.848719912,0.849210526,1500
EN,qwen2.5,QLoRA nf4,q+v,8,9.931618241,3.676741123,0.420888275,0.901115847,0.901578947,1500
EN,qwen2.5,QLoRA nf4,q+v,16,9.937086296,3.691452026,0.421219349,0.909100438,0.909473684,1500
EN,qwen2.5,QLoRA nf4,q+v,32,9.924468593,3.724319458,0.396546334,0.913482883,0.913815789,1500
EN,qwen2.5,QLoRA nf4,q+k+v,4,10.17250583,3.804487705,0.400171548,0.882559469,0.883157895,1500
EN,qwen2.5,QLoRA nf4,q+k+v,8,10.16371234,3.81470871,0.4187181,0.887675113,0.888026316,1500
EN,qwen2.5,QLoRA nf4,q+k+v,16,10.20226556,3.832683563,0.398312658,0.902451277,0.902763158,1500
EN,qwen2.5,QLoRA nf4,q+k+v,32,10.17840968,3.8763237,0.372055203,0.909828343,0.910131579,1500
EN,qwen2.5,QLoRA nf4,q+k+v+o,4,10.56290578,3.936628819,0.423672199,0.898878923,0.899210526,1500
EN,qwen2.5,QLoRA nf4,q+k+v+o,8,10.51577787,3.947853088,0.391814798,0.916349095,0.916710526,1500
EN,qwen2.5,QLoRA nf4,q+k+v+o,16,10.51889867,3.978279114,0.366457254,0.92065996,0.920921053,1500
EN,qwen2.5,QLoRA nf4,q+k+v+o,32,10.43968741,4.039924622,0.361969292,0.921363794,0.921578947,1500
EN,qwen2.5,QLoRA fp4,q+v,4,10.09280762,3.672830582,0.426953584,0.867939264,0.868684211,1500
EN,qwen2.5,QLoRA fp4,q+v,8,10.0817288,3.676741123,0.403566897,0.899774874,0.900263158,1500
EN,qwen2.5,QLoRA fp4,q+v,16,10.05072846,3.691452026,0.419895828,0.909180455,0.909605263,1500
EN,qwen2.5,QLoRA fp4,q+v,32,10.08015852,3.724319458,0.389940023,0.913286135,0.913552632,1500
EN,qwen2.5,QLoRA fp4,q+k+v,4,10.32620027,3.804487705,0.397812188,0.870300479,0.871052632,1500
EN,qwen2.5,QLoRA fp4,q+k+v,8,10.30005979,3.81470871,0.401509374,0.895140512,0.895394737,1500
EN,qwen2.5,QLoRA fp4,q+k+v,16,10.29642135,3.832683563,0.405074924,0.905481385,0.905789474,1500
EN,qwen2.5,QLoRA fp4,q+k+v,32,10.33443327,3.8763237,0.385376722,0.913239276,0.913552632,1500
EN,qwen2.5,QLoRA fp4,q+k+v+o,4,10.61582017,3.936628819,0.424678177,0.902851636,0.903289474,1500
EN,qwen2.5,QLoRA fp4,q+k+v+o,8,10.58147057,3.947853088,0.377503723,0.915097231,0.915526316,1500
EN,qwen2.5,QLoRA fp4,q+k+v+o,16,10.58410228,3.978279114,0.369267493,0.921514237,0.921842105,1500
EN,qwen2.5,QLoRA fp4,q+k+v+o,32,10.59457029,4.039924622,0.357227921,0.923923053,0.924210526,1500
EN,qwen2.5,baseline,,,1.498516476,3.087872982,84.75,0.597057616,0.595833333,300
EN,qwen2.5,LoRA,q+v,4,2.000049841,5.65179348,24.671875,0.734307391,0.736578947,300
EN,qwen2.5,LoRA,q+v,8,2.015492368,5.655287743,1.823242188,0.509076794,0.509605263,300
EN,qwen2.5,LoRA,q+v,16,2.024613575,5.661055565,0.821289063,0.645171633,0.645789474,300
EN,qwen2.5,LoRA,q+v,32,2.090099053,5.679749012,0.556152344,0.759864287,0.762236842,300
EN,qwen2.5,LoRA,q+k+v,4,2.114945988,5.857680321,1.0703125,0.58549887,0.586447368,300
EN,qwen2.5,LoRA,q+k+v,8,2.117361546,5.861739159,0.841796875,0.661172528,0.663026316,300
EN,qwen2.5,LoRA,q+k+v,16,2.130364859,5.872158527,0.759765625,0.681733305,0.684605263,300
EN,qwen2.5,LoRA,q+k+v,32,2.222808405,5.910610676,0.661132813,0.714323002,0.715131579,300
EN,qwen2.5,LoRA,q+k+v+o,4,2.274140692,6.070815086,1.020507813,0.619552058,0.619210526,300
EN,qwen2.5,LoRA,q+k+v+o,8,2.263597639,6.076582909,0.888183594,0.649389327,0.653157895,300
EN,qwen2.5,LoRA,q+k+v+o,16,2.269257561,6.103142262,0.742675781,0.681274975,0.681052632,300
EN,qwen2.5,LoRA,q+k+v+o,32,2.421983508,6.158684254,0.497070313,0.767359357,0.768157895,300
EN,qwen2.5,QLoRA nf4,q+v,4,6.22876296,3.673868179,1.256037951,0.513377441,0.517236842,300
EN,qwen2.5,QLoRA nf4,q+v,8,6.219463356,3.677229404,1.249480605,0.492672357,0.491578947,300
EN,qwen2.5,QLoRA nf4,q+v,16,6.223477455,3.692489624,1.084926128,0.579569146,0.581184211,300
EN,qwen2.5,QLoRA nf4,q+v,32,6.221866345,3.727432251,0.870759368,0.673352208,0.675657895,300
EN,qwen2.5,QLoRA nf4,q+k+v,4,6.323349941,3.806807041,1.349253178,0.440620322,0.438421053,300
EN,qwen2.5,QLoRA nf4,q+k+v,8,6.315697118,3.81080246,1.345609665,0.486712801,0.489868421,300
EN,qwen2.5,QLoRA nf4,q+k+v,16,6.314875873,3.835308075,1.186769843,0.547730163,0.549078947,300
EN,qwen2.5,QLoRA nf4,q+k+v,32,6.312822179,3.87455368,0.969830632,0.633728682,0.633552632,300
EN,qwen2.5,QLoRA nf4,q+k+v+o,4,6.455938427,3.932173252,1.260585308,0.522967319,0.523157895,300
EN,qwen2.5,QLoRA nf4,q+k+v+o,8,6.450543912,3.945289612,0.887865543,0.655835974,0.661973684,300
EN,qwen2.5,QLoRA nf4,q+k+v+o,16,6.458593965,3.978157043,0.684177518,0.740173838,0.744736842,300
EN,qwen2.5,QLoRA nf4,q+k+v+o,32,6.442093996,4.03754425,0.519461513,0.809593184,0.812105263,300
EN,qwen2.5,QLoRA fp4,q+v,4,6.338238561,3.675589085,1.494569778,0.393374199,0.396184211,300
EN,qwen2.5,QLoRA fp4,q+v,8,6.322135663,3.683654785,1.31310904,0.466196603,0.466842105,300
EN,qwen2.5,QLoRA fp4,q+v,16,6.326731805,3.699325562,1.1377455,0.552035111,0.554342105,300
EN,qwen2.5,QLoRA fp4,q+v,32,6.317749242,3.729995728,0.906766951,0.663788746,0.665657895,300
EN,qwen2.5,QLoRA fp4,q+k+v,4,6.428878486,3.807704926,1.430780172,0.409745629,0.409342105,300
EN,qwen2.5,QLoRA fp4,q+k+v,8,6.42711285,3.817272186,1.336473107,0.494403698,0.497236842,300
EN,qwen2.5,QLoRA fp4,q+k+v,16,6.419760076,3.841106415,1.191130519,0.552205235,0.554342105,300
EN,qwen2.5,QLoRA fp4,q+k+v,32,6.402761436,3.879253387,0.984896183,0.63191333,0.632105263,300
EN,qwen2.5,QLoRA fp4,q+k+v+o,4,6.601041905,3.934013367,1.247728825,0.530627053,0.531578947,300
EN,qwen2.5,QLoRA fp4,q+k+v+o,8,6.579777888,3.947120667,0.863267422,0.672978929,0.679473684,300
EN,qwen2.5,QLoRA fp4,q+k+v+o,16,6.582020132,3.981575012,0.655338466,0.753263903,0.7575,300
EN,qwen2.5,QLoRA fp4,q+k+v+o,32,6.549679585,4.044746399,0.501237214,0.813315731,0.815789474,300
EN,qwen3,baseline,,,5.794798505,1.289412498,0.379638672,0.873649556,0.873815789,8000
EN,qwen3,LoRA,q+v,4,15.77687788,3.047973156,0.338378906,0.928128553,0.928157895,8000
EN,qwen3,LoRA,q+v,8,15.6854401,3.05523634,0.432128906,0.91781138,0.917763158,8000
EN,qwen3,LoRA,q+v,16,15.6884006,3.069762707,0.499511719,0.924490107,0.924473684,8000
EN,qwen3,LoRA,q+v,32,16.14156438,3.098815441,0.393066406,0.92817136,0.928289474,8000
EN,qwen3,LoRA,q+k+v,4,17.1043238,3.190669537,0.331054688,0.927369031,0.927368421,8000
EN,qwen3,LoRA,q+k+v,8,17.12307254,3.200923443,0.328369141,0.927175839,0.927236842,8000
EN,qwen3,LoRA,q+k+v,16,17.11749839,3.221431255,0.313232422,0.930240442,0.930263158,8000
EN,qwen3,LoRA,q+k+v,32,17.60972852,3.26244688,0.296630859,0.933298231,0.933289474,8000
EN,qwen3,LoRA,q+k+v+o,4,18.61621835,3.4684062,0.349121094,0.925760599,0.925789474,8000
EN,qwen3,LoRA,q+k+v+o,8,18.62325967,3.482932568,0.317382813,0.929729362,0.929736842,8000
EN,qwen3,LoRA,q+k+v+o,16,18.61955736,3.511985302,0.302001953,0.933106758,0.933157895,8000
EN,qwen3,LoRA,q+k+v+o,32,19.46518961,3.570090771,0.291992188,0.935108659,0.935131579,8000
EN,qwen3,QLoRA nf4,q+v,4,19.95428161,2.351658344,0.364120454,0.924616444,0.924736842,8000
EN,qwen3,QLoRA nf4,q+v,8,19.94303703,2.357594013,0.32921356,0.924638737,0.924736842,8000
EN,qwen3,QLoRA nf4,q+v,16,19.96656206,2.373371601,0.334039092,0.927336701,0.927368421,8000
EN,qwen3,QLoRA nf4,q+v,32,20.15587508,2.406879902,0.316030174,0.929638131,0.929736842,8000
EN,qwen3,QLoRA nf4,q+k+v,4,21.15512638,2.437920094,0.355057269,0.923605725,0.923684211,8000
EN,qwen3,QLoRA nf4,q+k+v,8,21.12765711,2.448517323,0.331819952,0.925700802,0.925789474,8000
EN,qwen3,QLoRA nf4,q+k+v,16,20.98143413,2.472641468,0.32973671,0.927674857,0.927763158,8000
EN,qwen3,QLoRA nf4,q+k+v,32,21.11280723,2.516495228,0.309299797,0.931894413,0.931973684,8000
EN,qwen3,QLoRA nf4,q+k+v+o,4,22.61887935,2.603535175,0.336401135,0.925836386,0.925921053,8000
EN,qwen3,QLoRA nf4,q+k+v+o,8,22.37768382,2.618832111,0.321073532,0.929998609,0.930131579,8000
EN,qwen3,QLoRA nf4,q+k+v+o,16,21.99991355,2.652599812,0.313060939,0.93111204,0.931184211,8000
EN,qwen3,QLoRA nf4,q+k+v+o,32,21.88714502,2.713543415,0.2973454,0.933881412,0.933947368,8000
EN,qwen3,QLoRA fp4,q+v,4,20.13313807,2.347752094,0.358082026,0.922394641,0.9225,8000
EN,qwen3,QLoRA fp4,q+v,8,20.07341783,2.355640888,0.346843839,0.926474389,0.926578947,8000
EN,qwen3,QLoRA fp4,q+v,16,19.99448948,2.368000507,0.330764204,0.926902775,0.926973684,8000
EN,qwen3,QLoRA fp4,q+v,32,20.0469723,2.402973652,0.330305606,0.93108035,0.931184211,8000
EN,qwen3,QLoRA fp4,q+k+v,4,21.31378049,2.435722828,0.362748563,0.92081382,0.920921053,8000
EN,qwen3,QLoRA fp4,q+k+v,8,20.97119502,2.448273182,0.345094949,0.922065053,0.922105263,8000
EN,qwen3,QLoRA fp4,q+k+v,16,20.97513359,2.464828968,0.33608529,0.930427472,0.930526316,8000
EN,qwen3,QLoRA fp4,q+k+v,32,21.04213572,2.516251087,0.311504602,0.931200206,0.931184211,8000
EN,qwen3,QLoRA fp4,q+k+v+o,4,22.02308227,2.605000019,0.346421748,0.92319369,0.923289474,8000
EN,qwen3,QLoRA fp4,q+k+v+o,8,21.91871862,2.620052814,0.33550036,0.92479009,0.924868421,8000
EN,qwen3,QLoRA fp4,q+k+v+o,16,21.83480288,2.65186739,0.320426792,0.928990049,0.929078947,8000
EN,qwen3,QLoRA fp4,q+k+v+o,32,22.03037157,2.716473103,0.305490166,0.932208896,0.932236842,8000
EN,qwen3,baseline,,,2.845,1.289077759,0.412597656,0.853451018,0.853758278,3000
EN,qwen3,LoRA,q+v,4,6.676666667,3.047973156,0.413574219,0.914207926,0.914473684,3000
EN,qwen3,LoRA,q+v,8,6.713333333,3.055236339,0.39819335,0.915588019,0.915789474,3000
EN,qwen3,LoRA,q+v,16,6.645,3.0697627,0.37915039,0.91668337,0.916842105,3000
EN,qwen3,LoRA,q+v,32,6.833333333,3.09881544,0.37255859,0.920322614,0.920526316,3000
EN,qwen3,LoRA,q+k+v,4,7.236166667,3.190669537,0.39111328,0.913640724,0.913815789,3000
EN,qwen3,LoRA,q+k+v,8,7.296666667,3.200923,0.387207315,0.91541387,0.915657895,3000
EN,qwen3,LoRA,q+k+v,16,7.216666667,3.22143125,0.36743164,0.91842142,0.918684211,3000
EN,qwen3,LoRA,q+k+v,32,7.443333333,3.26244688,0.361572266,0.921391785,0.921578947,3000
EN,qwen3,LoRA,q+k+v+o,4,7.916666667,3.4684062,0.3840332,0.91384234,0.914078947,3000
EN,qwen3,LoRA,q+k+v+o,8,7.878333333,3.482932568,0.37597656,0.915292571,0.915526316,3000
EN,qwen3,LoRA,q+k+v+o,16,7.85,3.5119853,0.359130859,0.919954907,0.920131579,3000
EN,qwen3,LoRA,q+k+v+o,32,8.216666667,3.5700907,0.355712891,0.923774435,0.923947368,3000
EN,qwen3,QLoRA nf4,q+v,4,8.554461078,2.337009907,0.406510949,0.911525287,0.911842105,3000
EN,qwen3,QLoRA nf4,q+v,8,8.563411125,2.355420113,0.414462,0.908794716,0.909078947,3000
EN,qwen3,QLoRA nf4,q+v,16,8.555383956,2.369465351,0.396051228,0.915928562,0.916184211,3000
EN,qwen3,QLoRA nf4,q+v,32,8.61006424,2.399799824,0.382431746,0.919459363,0.919736842,3000
EN,qwen3,QLoRA nf4,q+k+v,4,9.041991949,2.435722828,0.420618892,0.907065546,0.907368421,3000
EN,qwen3,QLoRA nf4,q+k+v,8,9.008397925,2.446320057,0.406107813,0.914027503,0.914210526,3000
EN,qwen3,QLoRA nf4,q+k+v,16,8.882506875,2.469955921,0.384617984,0.918450941,0.918684211,3000
EN,qwen3,QLoRA nf4,q+k+v,32,8.946062092,2.509903431,0.362537742,0.919893487,0.920131579,3000
EN,qwen3,QLoRA nf4,q+k+v+o,4,9.328467715,2.600849628,0.404741794,0.91160278,0.911842105,3000
EN,qwen3,QLoRA nf4,q+k+v+o,8,9.29479965,2.621761799,0.383236676,0.916762269,0.916973684,3000
EN,qwen3,QLoRA nf4,q+k+v+o,16,9.252978381,2.654308796,0.377703041,0.918361591,0.918684211,3000
EN,qwen3,QLoRA nf4,q+k+v+o,32,9.343556694,2.714275837,0.364318401,0.923322057,0.923552632,3000
EN,qwen3,QLoRA fp4,q+v,4,8.581637498,2.349461079,0.43324694,0.905896208,0.906184211,3000
EN,qwen3,QLoRA fp4,q+v,8,8.573678764,2.354420185,0.415067524,0.908764271,0.908947368,3000
EN,qwen3,QLoRA fp4,q+v,16,8.551862939,2.371174335,0.404210448,0.913971156,0.914210526,3000
EN,qwen3,QLoRA fp4,q+v,32,8.599360184,2.402973652,0.397886217,0.918596765,0.918815789,3000
EN,qwen3,QLoRA fp4,q+k+v,4,8.993783919,2.435234547,0.425184637,0.905837167,0.906052632,3000
EN,qwen3,QLoRA fp4,q+k+v,8,8.990693275,2.449493885,0.419843823,0.908457161,0.908684211,3000
EN,qwen3,QLoRA fp4,q+k+v,16,8.952303684,2.470932484,0.408538759,0.912423938,0.912631579,3000
EN,qwen3,QLoRA fp4,q+k+v,32,9.033458877,2.516495228,0.392183512,0.918489771,0.918684211,3000
EN,qwen3,QLoRA fp4,q+k+v+o,4,9.420661068,2.606953144,0.419776171,0.905875427,0.906052632,3000
EN,qwen3,QLoRA fp4,q+k+v+o,8,9.397456046,2.620785236,0.397007346,0.91245882,0.912763158,3000
EN,qwen3,QLoRA fp4,q+k+v+o,16,9.337225465,2.650890827,0.376982063,0.917299493,0.9175,3000
EN,qwen3,QLoRA fp4,q+k+v+o,32,9.429254683,2.715740681,0.374134809,0.920583861,0.920789474,3000
EN,qwen3,baseline,,,1.952276993,4.591526031,0.49609375,0.819726831,0.819868421,1500
EN,qwen3,LoRA,q+v,4,3.963313834,3.115234375,0.443603516,0.90209046,0.902236842,1500
EN,qwen3,LoRA,q+v,8,3.967567035,3.26171875,0.422119141,0.904493303,0.904605263,1500
EN,qwen3,LoRA,q+v,16,3.93547521,3.5,0.527832031,0.896449966,0.896710526,1500
EN,qwen3,LoRA,q+v,32,4.032133798,3.123046875,0.375732422,0.913563151,0.913684211,1500
EN,qwen3,LoRA,q+k+v,4,4.300955693,3.271484375,0.458984375,0.890922058,0.891184211,1500
EN,qwen3,LoRA,q+k+v,8,4.315288333,3.515625,0.439208984,0.902019744,0.902368421,1500
EN,qwen3,LoRA,q+k+v,16,4.261682614,3.13671875,0.417480469,0.905497,0.905789474,1500
EN,qwen3,LoRA,q+k+v,32,4.406974657,3.29296875,0.413574219,0.907887319,0.908157895,1500
EN,qwen3,LoRA,q+k+v+o,4,4.674155279,3.544921875,0.430419922,0.902145754,0.9025,1500
EN,qwen3,LoRA,q+k+v+o,8,4.661773876,3.166015625,0.412353516,0.906489424,0.906710526,1500
EN,qwen3,LoRA,q+k+v+o,16,4.628384443,3.333984375,0.393066406,0.909454417,0.909605263,1500
EN,qwen3,LoRA,q+k+v+o,32,4.857480009,3.603515625,0.374267578,0.913908689,0.914210526,1500
EN,qwen3,QLoRA nf4,q+v,4,5.101888871,2.872004032,0.476172239,0.888984721,0.889342105,1500
EN,qwen3,QLoRA nf4,q+v,8,5.08723793,2.877939701,0.460928291,0.896435714,0.896842105,1500
EN,qwen3,QLoRA nf4,q+v,16,5.060823826,2.895182133,0.439322293,0.901627151,0.901973684,1500
EN,qwen3,QLoRA nf4,q+v,32,5.078264244,2.925272465,0.44476226,0.904239585,0.904605263,1500
EN,qwen3,QLoRA nf4,q+k+v,4,5.319965454,2.955824375,0.457194746,0.892186875,0.892631579,1500
EN,qwen3,QLoRA nf4,q+k+v,8,5.303115328,2.969351292,0.426117867,0.902395587,0.902631579,1500
EN,qwen3,QLoRA nf4,q+k+v,16,5.282649676,2.989080906,0.419438452,0.906093526,0.906315789,1500
EN,qwen3,QLoRA nf4,q+k+v,32,5.315047709,3.036352634,0.404185355,0.910971508,0.911315789,1500
EN,qwen3,QLoRA nf4,q+k+v+o,4,5.537730138,3.127542973,0.439876258,0.900229814,0.900526316,1500
EN,qwen3,QLoRA nf4,q+k+v+o,8,5.519595993,3.137957096,0.417233616,0.903684199,0.903947368,1500
EN,qwen3,QLoRA nf4,q+k+v+o,16,5.492749691,3.174898624,0.394630283,0.909242076,0.909473684,1500
EN,qwen3,QLoRA nf4,q+k+v+o,32,5.558444071,3.233156681,0.366976857,0.914703756,0.915,1500
EN,qwen3,QLoRA fp4,q+v,4,5.143444844,2.862238407,0.45123595,0.886374885,0.886578947,1500
EN,qwen3,QLoRA fp4,q+v,8,5.128481376,2.870127201,0.470495909,0.892380511,0.892763158,1500
EN,qwen3,QLoRA fp4,q+v,16,5.115586126,2.889322758,0.432378232,0.90218534,0.9025,1500
EN,qwen3,QLoRA fp4,q+v,32,5.136684322,2.914530277,0.409738183,0.908222569,0.908421053,1500
EN,qwen3,QLoRA fp4,q+k+v,4,5.376940815,2.954359531,0.480421692,0.882879271,0.883421053,1500
EN,qwen3,QLoRA fp4,q+k+v,8,5.34757702,2.966421604,0.443934441,0.899588511,0.899868421,1500
EN,qwen3,QLoRA fp4,q+k+v,16,5.346155969,2.988104343,0.419871897,0.905156132,0.905394737,1500
EN,qwen3,QLoRA fp4,q+k+v,32,5.357253929,3.036840916,0.389846385,0.91012986,0.910394737,1500
EN,qwen3,QLoRA fp4,q+k+v+o,4,5.59665006,3.125101566,0.450883329,0.895444365,0.895789474,1500
EN,qwen3,QLoRA fp4,q+k+v+o,8,5.584205182,3.145281315,0.431842029,0.902910914,0.903157895,1500
EN,qwen3,QLoRA fp4,q+k+v+o,16,5.548710076,3.173433781,0.409223855,0.909740148,0.91,1500
EN,qwen3,QLoRA fp4,q+k+v+o,32,5.593556015,3.239992619,0.382677823,0.915796384,0.915921053,1500
EN,qwen3,baseline,,,1.225227404,3.479290485,1.166992188,0.549788795,0.549210526,300
EN,qwen3,LoRA,q+v,4,1.795865186,3.047973156,0.74609375,0.731069988,0.732105263,300
EN,qwen3,LoRA,q+v,8,1.781988283,3.05523634,0.500976563,0.814791935,0.815131579,300
EN,qwen3,LoRA,q+v,16,1.781126491,3.069762707,0.432128906,0.855254286,0.856184211,300
EN,qwen3,LoRA,q+v,32,1.858975327,3.098815441,0.400878906,0.884524341,0.884868421,300
EN,qwen3,LoRA,q+k+v,4,1.93154974,3.190669537,0.837890625,0.680603179,0.6825,300
EN,qwen3,LoRA,q+k+v,8,1.930523527,3.200923443,0.634277344,0.761296995,0.762236842,300
EN,qwen3,LoRA,q+k+v,16,1.9263599,3.221431255,0.478271484,0.836580076,0.837236842,300
EN,qwen3,LoRA,q+k+v,32,2.011976735,3.26244688,0.456298828,0.87090838,0.871052632,300
EN,qwen3,LoRA,q+k+v+o,4,2.072902485,3.4684062,0.607910156,0.774628358,0.775394737,300
EN,qwen3,LoRA,q+k+v+o,8,2.075458161,3.482932568,0.550292969,0.798904538,0.799605263,300
EN,qwen3,LoRA,q+k+v+o,16,2.070728441,3.511985302,0.41796875,0.85812689,0.858684211,300
EN,qwen3,LoRA,q+k+v+o,32,2.205103175,3.570090771,0.418212891,0.886278651,0.886447368,300
EN,qwen3,QLoRA nf4,q+v,4,2.349051428,2.86550045,1.190318823,0.492815948,0.494342105,300
EN,qwen3,QLoRA nf4,q+v,8,2.349997775,2.875290394,0.817211628,0.686746076,0.687894737,300
EN,qwen3,QLoRA nf4,q+v,16,2.353520513,2.891067982,0.528116047,0.806152667,0.807105263,300
EN,qwen3,QLoRA nf4,q+v,32,2.344138789,2.918716908,0.438465863,0.865355012,0.865789474,300
EN,qwen3,QLoRA nf4,q+k+v,4,2.46724087,2.957569599,1.13916564,0.525931128,0.527368421,300
EN,qwen3,QLoRA nf4,q+k+v,8,2.447548223,2.972073078,0.677574873,0.744717509,0.745789474,300
EN,qwen3,QLoRA nf4,q+k+v,16,2.440980915,2.988873005,0.50292635,0.822667812,0.823552632,300
EN,qwen3,QLoRA nf4,q+k+v,32,2.450698622,3.032238483,0.449355662,0.858554,0.859342105,300
EN,qwen3,QLoRA nf4,q+k+v+o,4,2.559902938,3.12684679,0.713915586,0.729180325,0.730526316,300
EN,qwen3,QLoRA nf4,q+k+v+o,8,2.561826642,3.146049976,0.462587386,0.834248988,0.835263158,300
EN,qwen3,QLoRA nf4,q+k+v+o,16,2.528058787,3.172249317,0.425810397,0.874350182,0.875,300
EN,qwen3,QLoRA nf4,q+k+v+o,32,2.551014181,3.236366749,0.440277696,0.890256866,0.890789474,300
EN,qwen3,QLoRA fp4,q+v,4,2.38593266,2.864471912,0.84711045,0.670076174,0.671447368,300
EN,qwen3,QLoRA fp4,q+v,8,2.402626399,2.872848988,1.130082369,0.540270204,0.543552632,300
EN,qwen3,QLoRA fp4,q+v,16,2.385647424,2.886185169,0.911554515,0.649468843,0.652368421,300
EN,qwen3,QLoRA fp4,q+v,32,2.386694992,2.919205189,0.724931359,0.719205731,0.721052632,300
EN,qwen3,QLoRA fp4,q+k+v,4,2.488073202,2.95805788,1.280975699,0.434789038,0.438026316,300
EN,qwen3,QLoRA fp4,q+k+v,8,2.486722108,2.963772297,0.908954024,0.653030024,0.654078947,300
EN,qwen3,QLoRA fp4,q+k+v,16,2.471628567,2.986431599,0.605849564,0.774138877,0.774605263,300
EN,qwen3,QLoRA fp4,q+k+v,32,2.490838035,3.031750202,0.463253111,0.843126229,0.843815789,300
EN,qwen3,QLoRA fp4,q+k+v+o,4,2.599447858,3.120499134,0.924658656,0.652779279,0.655,300
EN,qwen3,QLoRA fp4,q+k+v+o,8,2.581322551,3.136772633,0.483985931,0.828579321,0.83,300
EN,qwen3,QLoRA fp4,q+k+v+o,16,2.564110545,3.171761036,0.45038259,0.866316507,0.867236842,300
EN,qwen3,QLoRA fp4,q+k+v+o,32,2.578613242,3.233925343,0.459965706,0.879479007,0.880131579,300
RU,qwen2.5,baseline,,,6.994798207,3.088264465,0.809570313,0.788794839,0.789210911,8000
RU,qwen2.5,LoRA,q+v,4,16.48177204,5.65179348,2.89453125,0.909166904,0.909157331,8000
RU,qwen2.5,LoRA,q+v,8,16.52859805,5.655287743,4.10546875,0.907219822,0.907452509,8000
RU,qwen2.5,LoRA,q+v,16,16.41786304,5.661055565,3.2578125,0.909718818,0.910131515,8000
RU,qwen2.5,LoRA,q+v,32,16.93085409,5.679749012,2.50390625,0.912357636,0.912566975,8000
RU,qwen2.5,LoRA,q+k+v,4,17.72363434,5.857680321,0.349365234,0.926254997,0.926327326,8000
RU,qwen2.5,LoRA,q+k+v,8,17.76785956,5.861739159,0.32421875,0.927182372,0.927179737,8000
RU,qwen2.5,LoRA,q+k+v,16,17.62558854,5.872158527,0.315917969,0.929103139,0.929128105,8000
RU,qwen2.5,LoRA,q+k+v,32,18.28612831,5.910610676,0.298339844,0.935801119,0.935825621,8000
RU,qwen2.5,LoRA,q+k+v+o,4,19.31583591,6.070815086,1.641601563,0.916506579,0.916585485,8000
RU,qwen2.5,LoRA,q+k+v+o,8,19.37733577,6.076582909,0.310791016,0.930200498,0.930224062,8000
RU,qwen2.5,LoRA,q+k+v+o,16,19.18919746,6.103142262,0.302246094,0.933699334,0.93375548,8000
RU,qwen2.5,LoRA,q+k+v+o,32,20.13723623,6.158684254,0.310546875,0.930767114,0.930832927,8000
RU,qwen2.5,QLoRA nf4,q+v,4,27.78510488,3.672281265,0.347736776,0.923257126,0.923283,8000
RU,qwen2.5,QLoRA nf4,q+v,8,27.74017786,3.678649902,0.341884106,0.92453782,0.924500731,8000
RU,qwen2.5,QLoRA nf4,q+v,16,27.75550009,3.695419312,0.338359386,0.925626088,0.925596688,8000
RU,qwen2.5,QLoRA nf4,q+v,32,27.7602177,3.724990845,0.326230407,0.926993499,0.926936191,8000
RU,qwen2.5,QLoRA nf4,q+k+v,4,28.72036824,3.808882236,0.356375635,0.921950725,0.921943497,8000
RU,qwen2.5,QLoRA nf4,q+k+v,8,28.44705243,3.8118577,0.340867698,0.925733988,0.925718461,8000
RU,qwen2.5,QLoRA nf4,q+k+v,16,28.37110158,3.834636688,0.32997629,0.928645112,0.928641013,8000
RU,qwen2.5,QLoRA nf4,q+k+v,32,28.31779967,3.873943329,0.328139991,0.927157596,0.927179737,8000
RU,qwen2.5,QLoRA nf4,q+k+v+o,4,29.39865314,3.934431553,0.321591139,0.929121221,0.929128105,8000
RU,qwen2.5,QLoRA nf4,q+k+v+o,8,29.37017008,3.949440002,0.326117247,0.927498308,0.927545056,8000
RU,qwen2.5,QLoRA nf4,q+k+v+o,16,29.31699477,3.979743958,0.309664577,0.931024718,0.931076473,8000
RU,qwen2.5,QLoRA nf4,q+k+v+o,32,29.29709321,4.040596008,0.307698995,0.931295877,0.931320019,8000
RU,qwen2.5,QLoRA fp4,q+v,4,28.13331658,3.67967844,0.374218076,0.916839171,0.916829031,8000
RU,qwen2.5,QLoRA fp4,q+v,8,28.08532102,3.682556152,0.34867537,0.923444211,0.923404774,8000
RU,qwen2.5,QLoRA fp4,q+v,16,28.11461213,3.698898315,0.333809316,0.925975304,0.925962007,8000
RU,qwen2.5,QLoRA fp4,q+v,32,28.22727282,3.727249146,0.327501208,0.927194602,0.927179737,8000
RU,qwen2.5,QLoRA fp4,q+k+v,4,29.16399235,3.807600498,0.354956716,0.919154104,0.919142718,8000
RU,qwen2.5,QLoRA fp4,q+k+v,8,29.09913481,3.813976288,0.344691187,0.923985152,0.924013639,8000
RU,qwen2.5,QLoRA fp4,q+k+v,16,29.03475575,3.839763641,0.33656773,0.925457249,0.925474915,8000
RU,qwen2.5,QLoRA fp4,q+k+v,32,28.98941305,3.876018524,0.325444996,0.927783966,0.927788602,8000
RU,qwen2.5,QLoRA fp4,q+k+v+o,4,30.51505235,3.936759949,0.331172884,0.925245553,0.925231369,8000
RU,qwen2.5,QLoRA fp4,q+k+v+o,8,30.31865849,3.951820374,0.341778606,0.925707506,0.925718461,8000
RU,qwen2.5,QLoRA fp4,q+k+v+o,16,30.06135761,3.983711243,0.319338173,0.92862997,0.928641013,8000
RU,qwen2.5,QLoRA fp4,q+k+v+o,32,29.97559315,4.041816711,0.316470623,0.930387915,0.930345835,8000
RU,qwen2.5,baseline,,,3.50643394,2.876214027,304.75,0.472142172,0.470043838,3000
RU,qwen2.5,LoRA,q+v,4,7.170254172,5.65418959,2.4765625,0.824144307,0.824403312,3000
RU,qwen2.5,LoRA,q+v,8,7.124679648,5.65719557,0.385986328,0.915773648,0.915854847,3000
RU,qwen2.5,LoRA,q+v,16,7.147488868,5.66296339,0.356933594,0.921494132,0.921456405,3000
RU,qwen2.5,LoRA,q+v,32,7.40216922,5.68165684,0.3515625,0.925561394,0.925596688,3000
RU,qwen2.5,LoRA,q+k+v,4,7.65457093,5.86154127,0.3828125,0.913968829,0.914150024,3000
RU,qwen2.5,LoRA,q+k+v,8,7.619712428,5.86560011,0.374511719,0.918606543,0.918777399,3000
RU,qwen2.5,LoRA,q+k+v,16,7.647538007,5.87504292,0.377197266,0.920951917,0.921091086,3000
RU,qwen2.5,LoRA,q+k+v,32,7.963100922,5.91349506,0.365722656,0.920643477,0.920725767,3000
RU,qwen2.5,LoRA,q+k+v+o,4,8.276267565,6.07516432,0.376708984,0.921280206,0.921334632,3000
RU,qwen2.5,LoRA,q+k+v+o,8,8.2593908,6.08093214,0.363769531,0.922446099,0.922552362,3000
RU,qwen2.5,LoRA,q+k+v+o,16,8.307098698,6.10700321,0.354003906,0.928112442,0.928153921,3000
RU,qwen2.5,LoRA,q+k+v+o,32,8.78523277,6.1625452,0.350585938,0.926511536,0.926570872,3000
RU,qwen2.5,QLoRA nf4,q+v,4,12.17656762,3.652289391,0.39159596,0.907716257,0.907696055,3000
RU,qwen2.5,QLoRA nf4,q+v,8,12.14361016,3.67561388,0.386379331,0.914585904,0.914637116,3000
RU,qwen2.5,QLoRA nf4,q+v,16,12.14635118,3.685974598,0.395114422,0.919227652,0.919264491,3000
RU,qwen2.5,QLoRA nf4,q+v,32,12.11695017,3.723053455,0.38998431,0.921351149,0.921334632,3000
RU,qwen2.5,QLoRA nf4,q+k+v,4,12.49705456,3.789654255,0.403177381,0.910948741,0.910983926,3000
RU,qwen2.5,QLoRA nf4,q+k+v,8,12.47143192,3.809719563,0.395238608,0.913573172,0.913541159,3000
RU,qwen2.5,QLoRA nf4,q+k+v,16,12.47391701,3.821835041,0.383836389,0.917863231,0.917803215,3000
RU,qwen2.5,QLoRA nf4,q+k+v,32,12.45471377,3.869015217,0.373853296,0.922029915,0.92206527,3000
RU,qwen2.5,QLoRA nf4,q+k+v+o,4,12.9120374,3.921394825,0.400147408,0.917801754,0.917803215,3000
RU,qwen2.5,QLoRA nf4,q+k+v+o,8,12.87471579,3.939690113,0.359770745,0.922602309,0.922552362,3000
RU,qwen2.5,QLoRA nf4,q+k+v+o,16,12.86586412,3.963341236,0.352448016,0.923776278,0.92364832,3000
RU,qwen2.5,QLoRA nf4,q+k+v+o,32,12.85355355,4.027122974,0.343797058,0.923079048,0.923039454,3000
RU,qwen2.5,QLoRA fp4,q+v,4,12.38343997,3.664726734,0.412199467,0.909202115,0.909279104,3000
RU,qwen2.5,QLoRA fp4,q+v,8,12.35844993,3.67372179,0.401505321,0.912979473,0.913054067,3000
RU,qwen2.5,QLoRA fp4,q+v,16,12.35142766,3.68670702,0.388436258,0.91569695,0.915733074,3000
RU,qwen2.5,QLoRA fp4,q+v,32,12.3472371,3.722137928,0.391250253,0.916560076,0.916585485,3000
RU,qwen2.5,QLoRA fp4,q+k+v,4,12.68230035,3.78959322,0.41827932,0.908963966,0.909035558,3000
RU,qwen2.5,QLoRA fp4,q+k+v,8,12.69158699,3.805813313,0.408201396,0.910858628,0.910862153,3000
RU,qwen2.5,QLoRA fp4,q+k+v,16,12.69922958,3.820614338,0.407607079,0.916340647,0.916341939,3000
RU,qwen2.5,QLoRA fp4,q+k+v,32,12.69022588,3.867611408,0.399116427,0.919208949,0.919142718,3000
RU,qwen2.5,QLoRA fp4,q+k+v+o,4,13.0887696,3.924324512,0.402555257,0.914767488,0.914758889,3000
RU,qwen2.5,QLoRA fp4,q+k+v+o,8,13.19316297,3.942619801,0.361924618,0.921102812,0.921091086,3000
RU,qwen2.5,QLoRA fp4,q+k+v+o,16,13.30077806,3.970299244,0.353430331,0.923690866,0.92364832,3000
RU,qwen2.5,QLoRA fp4,q+k+v+o,32,13.20908177,4.026634693,0.343207657,0.924092887,0.924013639,3000
RU,qwen2.5,baseline,,,2.455435773,2.876214027,580.5,0.455728712,0.4769849,1500
RU,qwen2.5,LoRA,q+v,4,4.353443038,5.652403831,0.350585938,0.904020514,0.904042864,1500
RU,qwen2.5,LoRA,q+v,8,4.339949894,5.655287743,0.405517578,0.905311294,0.90550414,1500
RU,qwen2.5,LoRA,q+v,16,4.358173692,5.661055565,0.385253906,0.911189823,0.911349245,1500
RU,qwen2.5,LoRA,q+v,32,4.506883005,5.679749012,0.438964844,0.910657854,0.910862153,1500
RU,qwen2.5,LoRA,q+k+v,4,4.618034871,5.857680321,34.28125,0.888995137,0.889308329,1500
RU,qwen2.5,LoRA,q+k+v,8,4.609373804,5.861739159,13.992188,0.887948526,0.887968826,1500
RU,qwen2.5,LoRA,q+k+v,16,4.620326475,5.872158527,14.140625,0.894326546,0.894544569,1500
RU,qwen2.5,LoRA,q+k+v,32,4.830728436,5.910610676,6.92578125,0.899544168,0.899780809,1500
RU,qwen2.5,LoRA,q+k+v+o,4,4.992496773,6.070815086,28.140625,0.901088291,0.901242085,1500
RU,qwen2.5,LoRA,q+k+v+o,8,4.991299689,6.076582909,21.890625,0.898988325,0.89941549,1500
RU,qwen2.5,LoRA,q+k+v+o,16,5.013180772,6.103142262,12.179688,0.893519618,0.893935704,1500
RU,qwen2.5,LoRA,q+k+v+o,32,5.294272168,6.158684254,10.507812,0.895138725,0.895153434,1500
RU,qwen2.5,QLoRA nf4,q+v,4,7.585601473,3.669853687,0.40263024,0.860444356,0.860326352,1500
RU,qwen2.5,QLoRA nf4,q+v,8,7.575668462,3.678055286,0.368511975,0.899398443,0.899171943,1500
RU,qwen2.5,QLoRA nf4,q+v,16,7.568965217,3.695251942,0.371890664,0.907598662,0.907574282,1500
RU,qwen2.5,QLoRA nf4,q+v,32,7.581903008,3.724457264,0.38899821,0.911626893,0.911714564,1500
RU,qwen2.5,QLoRA nf4,q+k+v,4,7.78869876,3.800396442,0.371110201,0.887693098,0.887481734,1500
RU,qwen2.5,QLoRA nf4,q+k+v,8,7.774979325,3.81051302,0.363803715,0.883083157,0.883097906,1500
RU,qwen2.5,QLoRA nf4,q+k+v,16,7.713023142,3.832516193,0.371045768,0.89942653,0.899537263,1500
RU,qwen2.5,QLoRA nf4,q+k+v,32,7.677861213,3.873775959,0.389142811,0.906146972,0.906356551,1500
RU,qwen2.5,QLoRA nf4,q+k+v+o,4,7.933459727,3.930550098,0.37824589,0.904333523,0.904529956,1500
RU,qwen2.5,QLoRA nf4,q+k+v+o,8,7.929566797,3.942619801,0.408456773,0.909161254,0.909400877,1500
RU,qwen2.5,QLoRA nf4,q+k+v+o,16,7.930581717,3.977867603,0.406789303,0.913235797,0.913541159,1500
RU,qwen2.5,QLoRA nf4,q+k+v+o,32,7.90587337,4.038048267,0.410344303,0.916681375,0.916950804,1500
RU,qwen2.5,QLoRA fp4,q+v,4,7.646325887,3.679985523,0.407363027,0.871320788,0.871529469,1500
RU,qwen2.5,QLoRA fp4,q+v,8,7.64197936,3.684891224,0.389947593,0.896637344,0.896736483,1500
RU,qwen2.5,QLoRA fp4,q+v,16,7.637660547,3.702209949,0.401569396,0.904697579,0.904895275,1500
RU,qwen2.5,QLoRA fp4,q+v,32,7.618963178,3.729218006,0.414141268,0.90813405,0.90830492,1500
RU,qwen2.5,QLoRA fp4,q+k+v,4,7.834947972,3.808208942,0.391905695,0.881032636,0.880905991,1500
RU,qwen2.5,QLoRA fp4,q+k+v,8,7.836955273,3.819973469,0.394264847,0.868197547,0.868485144,1500
RU,qwen2.5,QLoRA fp4,q+k+v,16,7.813244008,3.837826252,0.371317923,0.896255751,0.896371164,1500
RU,qwen2.5,QLoRA fp4,q+k+v,32,7.82838715,3.881405354,0.387207359,0.905123557,0.905260594,1500
RU,qwen2.5,QLoRA fp4,q+k+v+o,4,8.047458522,3.937141895,0.397898763,0.899809532,0.900024355,1500
RU,qwen2.5,QLoRA fp4,q+k+v+o,8,8.076586807,3.949882984,0.424813628,0.907044567,0.907330736,1500
RU,qwen2.5,QLoRA fp4,q+k+v+o,16,8.050355958,3.981285572,0.419280559,0.912076921,0.912323429,1500
RU,qwen2.5,QLoRA fp4,q+k+v+o,32,8.062052373,4.043968678,0.407152295,0.914008975,0.914150024,1500
RU,qwen2.5,baseline,,,1.613272238,3.089791775,1.217773438,0.512268818,0.522040916,300
RU,qwen2.5,LoRA,q+v,4,2.126669741,5.652403831,1.061523438,0.557245627,0.563443741,300
RU,qwen2.5,LoRA,q+v,8,2.120863303,5.655287743,43.5625,0.797738084,0.797856795,300
RU,qwen2.5,LoRA,q+v,16,2.130363103,5.661055565,63.53125,0.815624911,0.816000974,300
RU,qwen2.5,LoRA,q+v,32,2.211202701,5.679749012,8.265625,0.766752662,0.765221627,300
RU,qwen2.5,LoRA,q+k+v,4,2.23188477,5.857680321,1.032226563,0.571211139,0.581100828,300
RU,qwen2.5,LoRA,q+k+v,8,2.232646557,5.861739159,0.999023438,0.584691388,0.595348271,300
RU,qwen2.5,LoRA,q+k+v,16,2.24175444,5.872158527,0.876953125,0.637253942,0.647954213,300
RU,qwen2.5,LoRA,q+k+v,32,2.355765585,5.910610676,0.8125,0.683993913,0.687165124,300
RU,qwen2.5,LoRA,q+k+v+o,4,2.3798883,6.070815086,41.59375,0.75480254,0.754992694,300
RU,qwen2.5,LoRA,q+k+v+o,8,2.381655653,6.076582909,1.940429688,0.56947924,0.570019484,300
RU,qwen2.5,LoRA,q+k+v+o,16,2.402745863,6.103142262,1.28515625,0.583896428,0.588772528,300
RU,qwen2.5,LoRA,q+k+v+o,32,2.561810299,6.158684254,13.070312,0.795936669,0.795543108,300
RU,qwen2.5,QLoRA nf4,q+v,4,2.851587188,3.673379898,1.369347215,0.409422179,0.415002435,300
RU,qwen2.5,QLoRA nf4,q+v,8,2.827376099,3.678161621,1.271926045,0.450735531,0.459814905,300
RU,qwen2.5,QLoRA nf4,q+v,16,2.83790911,3.691085815,1.154522061,0.491033088,0.50645397,300
RU,qwen2.5,QLoRA nf4,q+v,32,2.836554122,3.726760864,1.004005313,0.562863216,0.575621042,300
RU,qwen2.5,QLoRA nf4,q+k+v,4,2.890765778,3.805159092,1.331431508,0.426542072,0.433877253,300
RU,qwen2.5,QLoRA nf4,q+k+v,8,2.854650327,3.815441132,1.295992494,0.46016391,0.466999513,300
RU,qwen2.5,QLoRA nf4,q+k+v,16,2.857522158,3.829814911,1.184585929,0.494861684,0.50523624,300
RU,qwen2.5,QLoRA nf4,q+k+v,32,2.843685921,3.876567841,1.051943898,0.557329666,0.566609839,300
RU,qwen2.5,QLoRA nf4,q+k+v+o,4,2.913697584,3.932243347,1.226272702,0.482643769,0.493424257,300
RU,qwen2.5,QLoRA nf4,q+k+v+o,8,2.913793651,3.95035553,1.108707666,0.534154578,0.54201169,300
RU,qwen2.5,QLoRA nf4,q+k+v+o,16,2.908180368,3.979743958,0.877030492,0.642813111,0.646858256,300
RU,qwen2.5,QLoRA nf4,q+k+v+o,32,2.907984646,4.040718079,0.619251132,0.76148234,0.763760351,300
RU,qwen2.5,QLoRA fp4,q+v,4,2.886783123,3.673330784,1.679623604,0.347986568,0.34936678,300
RU,qwen2.5,QLoRA fp4,q+v,8,2.894358889,3.687316895,1.311337233,0.432090887,0.442279591,300
RU,qwen2.5,QLoRA fp4,q+v,16,2.890496516,3.698287964,1.183422208,0.474168957,0.491962981,300
RU,qwen2.5,QLoRA fp4,q+v,32,2.899775052,3.733291626,1.036422968,0.542394214,0.557476863,300
RU,qwen2.5,QLoRA fp4,q+k+v,4,2.935527039,3.809108734,1.38201344,0.407361284,0.414150024,300
RU,qwen2.5,QLoRA fp4,q+k+v,8,2.941386644,3.821971893,1.314652443,0.462160607,0.470043838,300
RU,qwen2.5,QLoRA fp4,q+k+v,16,2.934761767,3.836956024,1.190844536,0.499522898,0.512420848,300
RU,qwen2.5,QLoRA fp4,q+k+v,32,2.933586081,3.882427216,1.039681077,0.562568734,0.575986361,300
RU,qwen2.5,QLoRA fp4,q+k+v+o,4,2.983602118,3.937004089,1.235820293,0.482011765,0.494520214,300
RU,qwen2.5,QLoRA fp4,q+k+v+o,8,2.993212577,3.957496643,1.132157087,0.521983336,0.532148076,300
RU,qwen2.5,QLoRA fp4,q+k+v+o,16,2.979506803,3.986701965,0.896062613,0.634605529,0.640891378,300
RU,qwen2.5,QLoRA fp4,q+k+v+o,32,2.978907617,4.048347473,0.547222137,0.79452834,0.796517292,300
RU,qwen3,baseline,,,5.82648865,1.289412498,0.560058594,0.799432438,0.800048709,8000
RU,qwen3,LoRA,q+v,4,15.84701098,3.047973156,0.389648438,0.905188395,0.905260594,8000
RU,qwen3,LoRA,q+v,8,15.78245186,3.05523634,0.422607422,0.904127616,0.904164637,8000
RU,qwen3,LoRA,q+v,16,15.80268261,3.069762707,0.403076172,0.908983906,0.909035558,8000
RU,qwen3,LoRA,q+v,32,16.26712856,3.098815441,0.3515625,0.913982476,0.914028251,8000
RU,qwen3,LoRA,q+k+v,4,17.19013272,3.190669537,0.380371094,0.905017694,0.905017048,8000
RU,qwen3,LoRA,q+k+v,8,17.23041594,3.200923443,0.365722656,0.91065133,0.910618607,8000
RU,qwen3,LoRA,q+k+v,16,17.20073546,3.221431255,0.356445313,0.915005253,0.915002435,8000
RU,qwen3,LoRA,q+k+v,32,17.7562548,3.26244688,0.341796875,0.917611766,0.917559669,8000
RU,qwen3,LoRA,q+k+v+o,4,18.74891089,3.4684062,0.374023438,0.907922723,0.907939601,8000
RU,qwen3,LoRA,q+k+v+o,8,18.77029395,3.482932568,0.368164063,0.911366836,0.911349245,8000
RU,qwen3,LoRA,q+k+v+o,16,18.81098346,3.511985302,0.338867188,0.917532512,0.917559669,8000
RU,qwen3,LoRA,q+k+v+o,32,19.87077619,3.570090771,0.327636719,0.919859303,0.919873356,8000
RU,qwen3,QLoRA nf4,q+v,4,20.13898787,2.347752094,0.417649269,0.899966825,0.899902582,8000
RU,qwen3,QLoRA nf4,q+v,8,20.16158523,2.357838154,0.39584291,0.904147302,0.904042864,8000
RU,qwen3,QLoRA nf4,q+v,16,20.10062883,2.372639179,0.381694824,0.908133928,0.908061374,8000
RU,qwen3,QLoRA nf4,q+v,32,20.27706383,2.403706074,0.372811466,0.913360949,0.913297613,8000
RU,qwen3,QLoRA nf4,q+k+v,4,21.32942592,2.435234547,0.402315229,0.902774588,0.902703361,8000
RU,qwen3,QLoRA nf4,q+k+v,8,20.99385494,2.449738026,0.389159441,0.905001818,0.904895275,8000
RU,qwen3,QLoRA nf4,q+k+v,16,20.92016683,2.467514515,0.380562156,0.907403925,0.907330736,8000
RU,qwen3,QLoRA nf4,q+k+v,32,21.0575195,2.515518665,0.356705964,0.914156416,0.914028251,8000
RU,qwen3,QLoRA nf4,q+k+v+o,4,21.98443133,2.604023457,0.401030302,0.901557719,0.901485631,8000
RU,qwen3,QLoRA nf4,q+k+v+o,8,21.91675601,2.623470783,0.376112431,0.906733765,0.90672187,8000
RU,qwen3,QLoRA nf4,q+k+v+o,16,21.80713555,2.654308796,0.359599471,0.909457164,0.909400877,8000
RU,qwen3,QLoRA nf4,q+k+v+o,32,22.13648131,2.716717243,0.343394876,0.913581603,0.913541159,8000
RU,qwen3,QLoRA fp4,q+v,4,20.16326946,2.349461079,0.426380008,0.895489713,0.895518753,8000
RU,qwen3,QLoRA fp4,q+v,8,20.13841983,2.361744404,0.409632534,0.900582458,0.90063322,8000
RU,qwen3,QLoRA fp4,q+v,16,20.10089534,2.371418476,0.390930861,0.90695102,0.906965416,8000
RU,qwen3,QLoRA fp4,q+v,32,20.25754407,2.405659199,0.370958835,0.909671971,0.909644423,8000
RU,qwen3,QLoRA fp4,q+k+v,4,21.23703783,2.439384937,0.424114525,0.896932949,0.896980029,8000
RU,qwen3,QLoRA fp4,q+k+v,8,21.15332375,2.451202869,0.414563835,0.900009982,0.900024355,8000
RU,qwen3,QLoRA fp4,q+k+v,16,21.04251832,2.470688343,0.399836779,0.903835359,0.903799318,8000
RU,qwen3,QLoRA fp4,q+k+v,32,21.1817674,2.517715931,0.393103033,0.907121553,0.907087189,8000
RU,qwen3,QLoRA fp4,q+k+v+o,4,22.16029686,2.607685566,0.424253613,0.898700656,0.898684851,8000
RU,qwen3,QLoRA fp4,q+k+v+o,8,22.07911878,2.624691486,0.398049474,0.904344867,0.90428641,8000
RU,qwen3,QLoRA fp4,q+k+v+o,16,22.09579719,2.656994343,0.371898383,0.910189983,0.910131515,8000
RU,qwen3,QLoRA fp4,q+k+v+o,32,22.20892118,2.719891071,0.353874534,0.911423063,0.911349245,8000
RU,qwen3,baseline,,,2.909536727,2.399329662,0.692382813,0.741711698,0.742693619,3000
RU,qwen3,LoRA,q+v,4,6.781980542,4.15822506,0.453857422,0.891655021,0.89174379,3000
RU,qwen3,LoRA,q+v,8,6.744116462,4.165488243,0.430419922,0.895264624,0.895275207,3000
RU,qwen3,LoRA,q+v,16,6.764234667,4.18001461,0.418212891,0.898065529,0.898075986,3000
RU,qwen3,LoRA,q+v,32,6.933133257,4.209067345,0.405029297,0.900123933,0.900146128,3000
RU,qwen3,LoRA,q+k+v,4,7.348446822,4.30092144,0.450439453,0.892472181,0.892596201,3000
RU,qwen3,LoRA,q+k+v,8,7.319728717,4.311175346,0.559082031,0.883272188,0.883219679,3000
RU,qwen3,LoRA,q+k+v,16,7.333407238,4.331683159,0.434814453,0.89862578,0.898684851,3000
RU,qwen3,LoRA,q+k+v,32,7.56703881,4.372698784,0.397460938,0.902580786,0.902703361,3000
RU,qwen3,LoRA,q+k+v+o,4,7.97115508,4.578658104,0.456054688,0.895839134,0.895762299,3000
RU,qwen3,LoRA,q+k+v+o,8,7.953682192,4.593184471,0.435058594,0.897658178,0.897710667,3000
RU,qwen3,LoRA,q+k+v+o,16,7.983788498,4.622237206,0.401611328,0.899634154,0.899659036,3000
RU,qwen3,LoRA,q+k+v+o,32,8.348603225,4.680342674,0.392578125,0.902790625,0.902825134,3000
RU,qwen3,QLoRA nf4,q+v,4,8.62848264,3.457027435,0.490089446,0.882064135,0.882001948,3000
RU,qwen3,QLoRA nf4,q+v,8,8.622965073,3.470775604,0.472737908,0.886790998,0.886872869,3000
RU,qwen3,QLoRA nf4,q+v,16,8.598190383,3.481426239,0.458414346,0.891345758,0.891378471,3000
RU,qwen3,QLoRA nf4,q+v,32,8.64473095,3.514690399,0.424527884,0.897788693,0.89783244,3000
RU,qwen3,QLoRA nf4,q+k+v,4,9.063530517,3.542068481,0.483644575,0.882390433,0.882367267,3000
RU,qwen3,QLoRA nf4,q+k+v,8,9.005493482,3.556816101,0.474989682,0.889324372,0.889308329,3000
RU,qwen3,QLoRA nf4,q+k+v,16,9.01228708,3.581184387,0.466957211,0.888485752,0.888455918,3000
RU,qwen3,QLoRA nf4,q+k+v,32,9.081370787,3.6301651,0.440236181,0.896698798,0.896736483,3000
RU,qwen3,QLoRA nf4,q+k+v+o,4,9.476673328,3.715740204,0.485688806,0.88475052,0.884680955,3000
RU,qwen3,QLoRA nf4,q+k+v+o,8,9.435985525,3.735919952,0.42499578,0.891877836,0.891865563,3000
RU,qwen3,QLoRA nf4,q+k+v+o,16,9.389789343,3.759922028,0.412052542,0.895844175,0.895884072,3000
RU,qwen3,QLoRA nf4,q+k+v+o,32,9.470314857,3.831607819,0.392206639,0.901511437,0.901485631,3000
RU,qwen3,QLoRA fp4,q+v,4,8.70614827,3.458003998,0.517002523,0.875199386,0.87518266,3000
RU,qwen3,QLoRA fp4,q+v,8,8.706802202,3.468090057,0.502321005,0.880915864,0.881027764,3000
RU,qwen3,QLoRA fp4,q+v,16,8.682859063,3.478252411,0.481187642,0.885127597,0.885168047,3000
RU,qwen3,QLoRA fp4,q+v,32,8.741533998,3.518352509,0.45928812,0.89138618,0.891500244,3000
RU,qwen3,QLoRA fp4,q+k+v,4,9.149836835,3.548171997,0.525106728,0.876423836,0.876522163,3000
RU,qwen3,QLoRA fp4,q+k+v,8,9.109753398,3.562431335,0.517528236,0.879373911,0.879444715,3000
RU,qwen3,QLoRA fp4,q+k+v,16,9.081511672,3.579475403,0.501509368,0.882899705,0.882854359,3000
RU,qwen3,QLoRA fp4,q+k+v,32,9.128418163,3.629432678,0.459792584,0.889929511,0.889917194,3000
RU,qwen3,QLoRA fp4,q+k+v+o,4,9.545687385,3.716472626,0.516685545,0.877557736,0.87761812,3000
RU,qwen3,QLoRA fp4,q+k+v+o,8,9.496827122,3.732990265,0.463992923,0.885016244,0.885046274,3000
RU,qwen3,QLoRA fp4,q+k+v+o,16,9.457455178,3.763828278,0.445025533,0.891928251,0.891987336,3000
RU,qwen3,QLoRA fp4,q+k+v+o,32,9.636123582,3.829166412,0.424545437,0.898214404,0.898197759,3000
RU,qwen3,baseline,,,1.989423775,3.829166412,0.865234375,0.655717684,0.657087189,1500
RU,qwen3,LoRA,q+v,4,5.259326728,3.460201263,0.501546562,0.854198601,0.854237701,1500
RU,qwen3,LoRA,q+v,8,5.212095153,3.468578339,0.516388535,0.866980971,0.867145641,1500
RU,qwen3,LoRA,q+v,16,5.235145768,3.483379364,0.522343874,0.873995216,0.874208475,1500
RU,qwen3,LoRA,q+v,32,5.227922682,3.517375946,0.517351151,0.881356848,0.881393083,1500
RU,qwen3,LoRA,q+k+v,4,5.518392908,3.544509888,0.51589793,0.863128303,0.863248904,1500
RU,qwen3,LoRA,q+k+v,8,5.460486403,3.557060242,0.529705405,0.870207694,0.870311739,1500
RU,qwen3,LoRA,q+k+v,16,5.453403707,3.581184387,0.494959831,0.878895098,0.879079396,1500
RU,qwen3,LoRA,q+k+v,32,5.487100137,3.626502991,0.473949343,0.887321093,0.887481734,1500
RU,qwen3,LoRA,q+k+v+o,4,5.713358557,3.71818161,0.512336731,0.875053218,0.875304433,1500
RU,qwen3,LoRA,q+k+v+o,8,5.689248823,3.733478546,0.498908371,0.882082733,0.882367267,1500
RU,qwen3,LoRA,q+k+v+o,16,5.669177763,3.764072418,0.487659812,0.884868926,0.885168047,1500
RU,qwen3,LoRA,q+k+v+o,32,5.70764056,3.828678131,0.49505496,0.888472219,0.888699464,1500
RU,qwen3,QLoRA nf4,q+v,4,5.252739902,3.459224701,0.484627783,0.848357177,0.848636142,1500
RU,qwen3,QLoRA nf4,q+v,8,5.253738297,3.470531464,0.526940644,0.868863114,0.869094009,1500
RU,qwen3,QLoRA nf4,q+v,16,5.273727448,3.48191452,0.508986771,0.878118259,0.878348758,1500
RU,qwen3,QLoRA nf4,q+v,32,5.277138055,3.517864227,0.491756797,0.884276746,0.884437409,1500
RU,qwen3,QLoRA nf4,q+k+v,4,5.474697347,3.54548645,0.51589793,0.863128303,0.863248904,1500
RU,qwen3,QLoRA nf4,q+k+v,8,5.508774745,3.564872742,0.50774163,0.877407835,0.87761812,1500
RU,qwen3,QLoRA nf4,q+k+v,16,5.504324107,3.581672668,0.495823562,0.882186486,0.882367267,1500
RU,qwen3,QLoRA nf4,q+k+v,32,5.497262068,3.630897522,0.496986061,0.886019012,0.886142231,1500
RU,qwen3,QLoRA nf4,q+k+v+o,4,5.727357193,3.719158173,0.512336731,0.875053218,0.875304433,1500
RU,qwen3,QLoRA nf4,q+k+v+o,8,5.701022088,3.737873077,0.506780803,0.878205529,0.878348758,1500
RU,qwen3,QLoRA nf4,q+k+v+o,16,5.683723768,3.766513824,0.492205858,0.884281512,0.884437409,1500
RU,qwen3,QLoRA nf4,q+k+v+o,32,5.734376682,3.833560944,0.480418354,0.889260959,0.889430102,1500
RU,qwen3,QLoRA fp4,q+v,4,5.305744557,3.45873642,0.523361981,0.837218514,0.837433025,1500
RU,qwen3,QLoRA fp4,q+v,8,5.295923598,3.465648651,0.532361269,0.86294245,0.863248904,1500
RU,qwen3,QLoRA fp4,q+v,16,5.290080567,3.483379364,0.535094976,0.873584519,0.873843156,1500
RU,qwen3,QLoRA fp4,q+v,32,5.295019678,3.512493134,0.517493665,0.879764198,0.88005358,1500
RU,qwen3,QLoRA fp4,q+k+v,4,5.565416912,3.548416138,0.528421521,0.858123341,0.858377983,1500
RU,qwen3,QLoRA fp4,q+k+v,8,5.520827353,3.561943054,0.529037118,0.871819334,0.872016561,1500
RU,qwen3,QLoRA fp4,q+k+v,16,5.513944352,3.581184387,0.499995828,0.881364827,0.881636629,1500
RU,qwen3,QLoRA fp4,q+k+v,32,5.51985004,3.630409241,0.49803111,0.885097646,0.885411593,1500
RU,qwen3,QLoRA fp4,q+k+v+o,4,5.77820561,3.719158173,0.516170681,0.872166155,0.87238188,1500
RU,qwen3,QLoRA fp4,q+k+v+o,8,5.749172262,3.737873077,0.547135293,0.871484952,0.871651242,1500
RU,qwen3,QLoRA fp4,q+k+v+o,16,5.731003377,3.768466949,0.532169461,0.879854616,0.88005358,1500
RU,qwen3,QLoRA fp4,q+k+v+o,32,5.786546583,3.832584381,0.509034991,0.884712237,0.884802728,1500
RU,qwen3,baseline,,,1.310327792,4.039239407,1.26171875,0.456687587,0.46809547,300
RU,qwen3,LoRA,q+v,4,2.51588939,4.574847221,1.349692702,0.376381019,0.394422796,300
RU,qwen3,LoRA,q+v,8,2.536089813,4.590792656,1.017888308,0.567854268,0.574525085,300
RU,qwen3,LoRA,q+v,16,2.521409833,4.604861259,0.655675948,0.749366193,0.749878227,300
RU,qwen3,LoRA,q+v,32,2.533597147,4.642519951,0.523394763,0.82701982,0.825864588,300
RU,qwen3,LoRA,q+k+v,4,2.636951327,4.678442955,1.311217427,0.404439561,0.416463712,300
RU,qwen3,LoRA,q+k+v,8,2.619111772,4.676100731,1.183087468,0.467118765,0.478324403,300
RU,qwen3,LoRA,q+k+v,16,2.62487814,4.70925808,0.943156183,0.595914369,0.601436922,300
RU,qwen3,LoRA,q+k+v,32,2.628419745,4.745055199,0.519448578,0.809981822,0.809425231,300
RU,qwen3,LoRA,q+k+v+o,4,2.73937614,4.832339287,1.049450159,0.540226636,0.547491476,300
RU,qwen3,LoRA,q+k+v+o,8,2.739333295,4.861552238,0.843545318,0.652209773,0.652946907,300
RU,qwen3,LoRA,q+k+v+o,16,2.708763663,4.883601189,0.586094916,0.776857594,0.776181198,300
RU,qwen3,LoRA,q+k+v+o,32,2.743205917,4.960658073,0.506200254,0.836801425,0.836458841,300
RU,qwen3,QLoRA nf4,q+v,4,2.53148328,4.581194878,1.264397979,0.426582836,0.435825621,300
RU,qwen3,QLoRA nf4,q+v,8,2.517494205,4.59447813,1.221697569,0.448241442,0.46042377,300
RU,qwen3,QLoRA nf4,q+v,16,2.511500068,4.604372978,1.010685325,0.559468064,0.566366293,300
RU,qwen3,QLoRA nf4,q+v,32,2.514534422,4.645808697,0.586154878,0.768178497,0.767048222,300
RU,qwen3,QLoRA nf4,q+k+v,4,2.616364535,4.670386314,1.311217427,0.404439561,0.416463712,300
RU,qwen3,QLoRA nf4,q+k+v,8,2.619404117,4.690505028,0.995629966,0.5709099,0.575742815,300
RU,qwen3,QLoRA nf4,q+k+v,16,2.602810932,4.706084251,0.764832556,0.698049485,0.697759377,300
RU,qwen3,QLoRA nf4,q+k+v,32,2.617815625,4.75726223,0.526901424,0.808113821,0.807598636,300
RU,qwen3,QLoRA nf4,q+k+v+o,4,2.716431728,4.841616631,1.049450159,0.540226636,0.547491476,300
RU,qwen3,QLoRA nf4,q+k+v+o,8,2.712922757,4.86204052,0.680901647,0.735452417,0.736117876,300
RU,qwen3,QLoRA nf4,q+k+v+o,16,2.691561298,4.891413689,0.504870772,0.829234457,0.828056503,300
RU,qwen3,QLoRA nf4,q+k+v+o,32,2.721462953,4.957240105,0.525569379,0.848400777,0.847296639,300
RU,qwen3,QLoRA fp4,q+v,4,2.543818763,4.585589409,1.298570037,0.408149278,0.419020945,300
RU,qwen3,QLoRA fp4,q+v,8,2.543486663,4.591060162,1.256251574,0.434013092,0.444471505,300
RU,qwen3,QLoRA fp4,q+v,16,2.561561708,4.608767509,1.085952878,0.531642562,0.538723819,300
RU,qwen3,QLoRA fp4,q+v,32,2.554530025,4.641414165,0.710368037,0.710833947,0.712006819,300
RU,qwen3,QLoRA fp4,q+k+v,4,2.663588948,4.674292564,1.330442905,0.400837221,0.410496834,300
RU,qwen3,QLoRA fp4,q+k+v,8,2.649504987,4.689040184,1.014870882,0.564742275,0.571724306,300
RU,qwen3,QLoRA fp4,q+k+v,16,2.637936663,4.707549095,0.775238812,0.695904648,0.696419873,300
RU,qwen3,QLoRA fp4,q+k+v,32,2.64597334,4.757506371,0.551760197,0.804386245,0.803945446,300
RU,qwen3,QLoRA fp4,q+k+v+o,4,2.781251145,4.841616631,1.075495958,0.527577133,0.537262543,300
RU,qwen3,QLoRA fp4,q+k+v+o,8,2.732978647,4.863017082,0.858873725,0.655354867,0.660862153,300
RU,qwen3,QLoRA fp4,q+k+v+o,16,2.71954552,4.889460564,0.563589036,0.798811926,0.798830979,300
RU,qwen3,QLoRA fp4,q+k+v+o,32,2.741871632,4.96309948,0.567376852,0.838954585,0.837920117,300
